left_tiptoe_x,left_tiptoe_y,left_anklebone_x,left_anklebone_y,left_ankle_x,left_ankle_y,right_tiptoe_x,right_tiptoe_y,right_anklebone_x,right_anklebone_y,right_ankle_x,right_ankle_y,image
625,187,567,309,481,320,808,352,686,451,601,474,ankle_00273.jpg
528,187,506,352,414,355,673,344,602,486,504,487,ankle_00441.jpg
809,234,624,342,433,310,523,314,515,487,323,453,ankle_00096.jpg
696,238,533,311,452,306,804,358,651,457,554,470,ankle_00269.jpg
767,243,701,409,567,381,750,474,636,625,484,564,ankle_00508.jpg
703,247,540,334,406,314,729,362,582,464,411,455,ankle_00371.jpg
693,162,664,388,502,377,863,422,633,552,449,516,ankle_00327.jpg
540,248,533,409,414,397,628,341,593,496,485,492,ankle_00576.jpg
730,229,544,344,426,320,760,412,574,502,426,494,ankle_00111.jpg
677,266,501,403,346,394,785,404,531,538,393,538,ankle_00054.jpg
810,272,650,377,536,375,924,340,774,484,647,463,ankle_00474.jpg
811,293,628,416,482,410,883,366,668,560,508,558,ankle_00051.jpg
794,230,619,291,491,258,615,390,553,464,427,430,ankle_00162.jpg
660,184,619,404,490,397,809,408,593,549,417,525,ankle_00333.jpg
539,235,466,362,381,381,684,354,582,439,506,472,ankle_00131.jpg
732,264,575,364,448,336,687,307,553,486,409,459,ankle_00145.jpg
892,349,734,375,566,308,807,549,615,548,465,460,ankle_00518.jpg
753,289,668,429,561,423,951,466,770,573,644,575,ankle_00243.jpg
626,183,571,395,462,383,835,417,610,549,471,548,ankle_00213.jpg
677,144,666,367,494,350,771,270,711,511,484,492,ankle_00392.jpg
819,229,650,248,547,226,800,420,633,407,512,401,ankle_00498.jpg
538,244,456,382,351,373,638,345,518,469,388,458,ankle_00571.jpg
800,189,708,356,551,306,711,449,610,530,427,465,ankle_00517.jpg
616,212,578,392,468,383,820,396,652,511,538,501,ankle_00354.jpg
824,408,676,399,558,345,789,509,599,587,447,520,ankle_00511.jpg
706,310,607,360,508,355,768,270,677,484,536,493,ankle_00140.jpg
585,189,640,375,499,382,763,237,734,482,580,492,ankle_00476.jpg
770,223,614,285,479,278,790,327,629,428,465,419,ankle_00375.jpg
749,270,665,450,523,437,891,440,669,576,494,553,ankle_00337.jpg
785,342,621,388,505,370,852,468,695,533,583,515,ankle_00430.jpg
582,244,540,428,435,442,722,434,650,582,594,588,ankle_00447.jpg
793,190,571,320,428,306,908,411,588,485,435,481,ankle_00029.jpg
943,237,744,290,598,241,848,484,634,494,470,445,ankle_00305.jpg
801,329,685,425,530,397,824,367,717,531,594,523,ankle_00416.jpg
485,133,468,320,315,331,701,340,527,461,378,466,ankle_00364.jpg
677,215,589,400,462,402,872,447,660,575,522,578,ankle_00230.jpg
660,178,621,371,492,371,859,420,644,538,494,539,ankle_00218.jpg
641,253,526,342,447,360,800,361,680,470,597,479,ankle_00456.jpg
843,356,664,440,528,407,907,422,721,512,537,496,ankle_00544.jpg
562,220,433,383,278,394,637,354,559,510,415,554,ankle_00116.jpg
798,314,645,397,549,386,842,360,682,468,525,447,ankle_00550.jpg
806,351,662,442,537,427,882,445,722,567,580,554,ankle_00425.jpg
728,210,693,362,558,313,786,597,588,587,422,527,ankle_00308.jpg
826,371,608,448,474,423,817,442,608,554,429,535,ankle_00335.jpg
729,254,680,423,563,430,956,472,756,587,640,587,ankle_00246.jpg
711,229,677,412,569,398,812,349,744,509,578,502,ankle_00422.jpg
862,191,588,348,434,350,867,298,591,548,383,545,ankle_00022.jpg
811,263,614,326,444,283,588,426,515,500,342,473,ankle_00088.jpg
569,192,566,377,444,378,798,372,640,502,512,479,ankle_00353.jpg
528,231,434,377,349,405,656,301,570,452,484,495,ankle_00125.jpg
801,274,675,342,566,337,954,335,822,435,708,428,ankle_00465.jpg
599,272,456,352,335,347,686,373,543,494,373,487,ankle_00363.jpg
788,419,667,553,537,532,894,588,721,683,533,657,ankle_00341.jpg
743,363,517,427,382,412,771,435,568,516,401,500,ankle_00481.jpg
618,258,554,410,449,417,823,447,647,570,520,570,ankle_00240.jpg
750,283,662,315,546,282,763,517,639,537,501,513,ankle_00502.jpg
685,259,514,389,369,378,739,414,572,563,423,575,ankle_00114.jpg
691,220,661,408,547,389,804,382,731,523,602,507,ankle_00419.jpg
760,254,681,440,525,428,837,447,700,610,527,594,ankle_00535.jpg
704,212,550,314,401,307,715,335,563,531,412,541,ankle_00075.jpg
775,197,571,338,428,326,791,291,581,462,423,463,ankle_00046.jpg
573,187,604,387,473,393,697,252,673,487,540,495,ankle_00477.jpg
1073,352,908,401,763,337,1010,533,827,574,652,497,ankle_00526.jpg
711,179,682,371,517,320,638,435,563,578,399,507,ankle_00512.jpg
542,144,526,318,399,331,681,329,610,456,489,471,ankle_00439.jpg
820,218,616,343,467,282,709,465,512,487,341,435,ankle_00098.jpg
862,193,688,332,499,315,989,293,706,484,449,470,ankle_00388.jpg
709,144,533,291,392,294,821,415,545,485,437,503,ankle_00072.jpg
704,84,640,260,525,259,826,389,656,453,479,449,ankle_00381.jpg
663,174,613,353,469,352,848,357,638,499,486,503,ankle_00209.jpg
547,233,470,360,388,395,692,320,591,433,507,467,ankle_00126.jpg
655,162,607,310,513,335,878,358,717,478,634,505,ankle_00285.jpg
846,160,608,340,397,315,971,293,615,527,374,514,ankle_00002.jpg
719,254,669,409,543,406,781,339,707,533,589,521,ankle_00420.jpg
835,241,594,334,470,309,649,273,603,507,386,460,ankle_00101.jpg
824,293,670,382,566,380,954,375,811,460,681,463,ankle_00472.jpg
853,347,660,427,521,399,900,479,695,568,528,535,ankle_00394.jpg
691,224,526,342,369,329,656,354,561,488,394,493,ankle_00112.jpg
770,289,593,319,495,320,829,421,653,500,561,493,ankle_00264.jpg
607,129,576,290,476,296,818,360,669,456,572,467,ankle_00267.jpg
798,318,701,416,576,396,877,474,717,538,592,505,ankle_00406.jpg
824,347,677,438,547,411,856,386,711,542,609,526,ankle_00412.jpg
765,88,734,285,585,258,821,486,624,481,474,453,ankle_00316.jpg
796,210,722,360,576,363,930,293,826,466,712,459,ankle_00471.jpg
459,303,460,456,356,439,611,376,544,547,414,518,ankle_00564.jpg
770,383,589,442,477,426,875,457,679,571,560,574,ankle_00241.jpg
676,189,599,352,489,347,790,356,678,494,558,491,ankle_00431.jpg
911,265,704,283,545,258,861,460,635,490,496,457,ankle_00300.jpg
785,183,559,323,420,280,730,365,486,467,295,422,ankle_00094.jpg
843,135,726,289,573,275,868,476,671,516,527,490,ankle_00301.jpg
834,180,588,343,428,333,785,371,532,516,387,497,ankle_00026.jpg
771,315,624,451,473,427,842,419,620,571,451,547,ankle_00336.jpg
693,226,685,397,572,393,816,372,748,522,599,518,ankle_00415.jpg
755,369,549,429,430,420,857,472,633,610,477,606,ankle_00232.jpg
888,296,663,351,527,290,819,515,591,553,412,489,ankle_00086.jpg
790,275,716,378,562,346,663,244,632,433,488,418,ankle_00173.jpg
902,259,770,392,616,324,780,516,642,574,496,505,ankle_00523.jpg
729,340,569,398,443,392,819,394,661,506,499,491,ankle_00357.jpg
671,169,636,366,512,368,843,421,650,539,518,536,ankle_00223.jpg
897,278,721,322,584,282,850,489,654,501,507,473,ankle_00318.jpg
767,180,577,333,418,324,791,340,563,488,388,477,ankle_00038.jpg
842,180,640,263,537,225,682,387,589,439,441,420,ankle_00080.jpg
670,88,662,322,485,326,778,229,719,490,515,478,ankle_00391.jpg
638,131,590,291,461,301,763,334,592,453,443,448,ankle_00373.jpg
776,371,636,446,527,436,918,466,720,579,611,571,ankle_00242.jpg
841,161,584,358,398,337,795,191,598,512,372,504,ankle_00008.jpg
601,158,553,296,463,304,807,339,677,450,566,465,ankle_00271.jpg
584,176,545,388,421,387,862,425,632,576,498,574,ankle_00235.jpg
843,166,586,325,425,329,707,322,589,498,369,491,ankle_00025.jpg
624,256,540,406,433,403,821,430,628,550,498,552,ankle_00238.jpg
822,285,632,348,508,342,740,237,685,433,514,412,ankle_00184.jpg
702,180,645,341,511,341,827,412,657,494,491,500,ankle_00378.jpg
885,302,702,377,589,318,874,474,643,490,507,437,ankle_00153.jpg
846,162,559,343,401,324,994,411,603,546,363,517,ankle_00005.jpg
822,395,658,459,565,451,936,473,750,590,643,584,ankle_00248.jpg
706,156,681,376,533,362,780,326,695,531,527,516,ankle_00538.jpg
631,188,602,380,487,383,872,426,677,553,523,552,ankle_00229.jpg
686,256,510,386,361,380,741,280,575,505,423,502,ankle_00055.jpg
759,160,651,315,494,283,784,362,636,507,451,482,ankle_00504.jpg
850,172,569,347,398,338,673,176,608,516,369,498,ankle_00010.jpg
557,242,478,362,399,381,623,309,586,432,511,463,ankle_00130.jpg
685,182,629,362,512,366,873,414,671,536,521,535,ankle_00228.jpg
787,270,617,355,484,324,800,405,580,497,463,460,ankle_00146.jpg
848,157,568,339,383,321,983,302,616,528,351,506,ankle_00003.jpg
758,285,662,439,533,434,876,407,740,574,616,562,ankle_00428.jpg
836,226,731,290,616,253,826,494,640,505,499,445,ankle_00304.jpg
858,312,679,375,519,354,954,357,705,522,540,504,ankle_00192.jpg
723,253,673,408,559,398,852,445,742,527,587,509,ankle_00410.jpg
855,378,680,424,522,409,913,496,695,554,515,531,ankle_00395.jpg
817,226,630,291,549,278,726,157,685,363,515,356,ankle_00186.jpg
716,277,665,439,547,446,918,480,741,590,633,584,ankle_00254.jpg
754,323,559,423,437,418,852,466,638,608,476,608,ankle_00231.jpg
822,196,716,334,583,326,829,409,711,507,567,497,ankle_00530.jpg
754,123,683,278,488,263,845,430,656,482,454,474,ankle_00297.jpg
555,231,413,397,283,411,635,355,556,524,423,578,ankle_00117.jpg
824,377,712,409,554,344,789,615,573,587,476,556,ankle_00506.jpg
664,244,477,363,343,356,632,294,542,511,390,513,ankle_00113.jpg
779,216,590,326,464,316,777,305,581,465,464,464,ankle_00032.jpg
790,200,604,333,472,318,743,233,590,464,455,464,ankle_00031.jpg
812,257,660,399,474,382,842,414,605,543,444,530,ankle_00328.jpg
792,204,589,329,472,327,817,313,585,488,450,480,ankle_00030.jpg
824,278,641,363,533,328,805,448,616,500,471,440,ankle_00147.jpg
739,170,559,287,390,244,747,350,488,440,256,398,ankle_00092.jpg
695,259,566,325,484,340,847,366,708,469,624,461,ankle_00453.jpg
789,72,663,211,532,218,889,341,680,425,514,426,ankle_00294.jpg
659,191,599,341,469,335,785,367,636,484,499,475,ankle_00368.jpg
833,382,676,430,530,414,900,474,726,559,618,540,ankle_00424.jpg
704,290,672,389,567,389,832,365,714,484,582,458,ankle_00555.jpg
860,372,709,371,546,306,780,599,556,582,414,538,ankle_00309.jpg
779,149,702,284,532,256,793,329,662,480,548,464,ankle_00500.jpg
583,144,521,306,406,311,707,316,608,455,495,456,ankle_00435.jpg
524,220,455,345,363,375,579,261,559,413,490,459,ankle_00134.jpg
474,232,390,394,290,415,593,314,536,444,464,524,ankle_00122.jpg
866,114,692,240,563,248,978,364,769,461,615,471,ankle_00291.jpg
898,309,702,372,611,336,762,366,682,491,540,446,ankle_00151.jpg
886,165,683,230,531,166,687,337,582,418,441,369,ankle_00081.jpg
825,309,696,428,536,404,887,423,712,563,536,538,ankle_00396.jpg
822,256,609,293,461,272,770,481,578,518,447,504,ankle_00385.jpg
678,182,634,363,513,349,853,363,692,465,563,455,ankle_00348.jpg
579,229,553,404,424,397,786,407,636,531,515,509,ankle_00358.jpg
818,247,734,345,546,317,724,200,651,388,512,377,ankle_00185.jpg
719,336,579,397,453,393,836,459,700,528,597,556,ankle_00449.jpg
830,295,666,387,515,358,892,396,707,489,566,474,ankle_00401.jpg
888,349,713,408,616,377,731,441,695,557,548,521,ankle_00157.jpg
635,175,613,381,485,384,810,406,600,518,402,505,ankle_00332.jpg
881,432,676,492,547,464,924,494,722,574,538,548,ankle_00543.jpg
776,218,770,448,650,432,841,287,810,542,647,523,ankle_00485.jpg
579,136,585,320,501,349,752,243,724,453,633,471,ankle_00451.jpg
750,211,574,273,442,281,865,334,690,449,538,487,ankle_00287.jpg
878,148,683,223,543,225,921,344,713,434,574,445,ankle_00293.jpg
607,176,602,367,495,383,814,273,765,478,645,475,ankle_00461.jpg
567,256,526,416,407,396,676,367,574,497,450,497,ankle_00574.jpg
850,169,569,350,398,331,985,427,594,555,385,518,ankle_00006.jpg
543,225,458,355,371,378,583,261,559,436,496,456,ankle_00133.jpg
661,256,502,332,402,322,736,365,603,464,506,459,ankle_00438.jpg
778,267,601,352,482,323,672,275,631,457,476,460,ankle_00144.jpg
644,183,599,311,509,334,835,353,711,459,627,477,ankle_00278.jpg
729,161,599,293,455,278,763,500,568,518,414,500,ankle_00386.jpg
779,203,589,325,475,317,850,389,552,467,458,450,ankle_00033.jpg
793,389,657,429,512,416,819,544,650,624,506,620,ankle_00380.jpg
762,283,667,404,567,401,841,339,732,478,607,473,ankle_00553.jpg
615,256,574,402,455,386,681,279,638,466,497,435,ankle_00558.jpg
717,237,650,394,549,381,773,284,698,450,563,437,ankle_00549.jpg
489,212,451,377,355,362,585,283,522,456,417,449,ankle_00569.jpg
860,289,629,364,512,314,684,452,527,534,403,476,ankle_00087.jpg
702,241,566,334,488,332,824,352,689,465,603,476,ankle_00275.jpg
509,210,407,384,303,422,697,314,583,488,492,552,ankle_00121.jpg
582,268,494,416,368,416,727,428,578,540,437,532,ankle_00360.jpg
662,237,641,396,522,397,716,278,690,456,542,451,ankle_00547.jpg
772,192,568,320,452,307,752,399,575,471,443,466,ankle_00035.jpg
857,277,697,365,552,345,896,437,690,546,535,516,ankle_00534.jpg
678,177,640,316,541,336,883,353,737,458,660,483,ankle_00283.jpg
669,175,624,369,487,369,856,418,651,537,516,532,ankle_00224.jpg
655,277,487,324,398,322,734,389,589,464,495,456,ankle_00437.jpg
685,112,657,330,513,338,919,337,664,487,514,487,ankle_00195.jpg
753,367,636,422,504,404,850,454,676,491,572,469,ankle_00556.jpg
833,321,764,397,562,387,706,262,681,468,522,466,ankle_00175.jpg
793,195,670,317,559,316,906,412,732,494,621,485,ankle_00265.jpg
495,229,413,368,295,402,604,301,554,423,465,479,ankle_00124.jpg
817,260,653,363,539,344,762,357,662,471,532,472,ankle_00143.jpg
627,176,582,323,495,333,825,354,688,470,626,483,ankle_00276.jpg
760,318,652,445,540,444,907,479,731,595,612,592,ankle_00256.jpg
735,212,586,321,474,315,836,318,634,455,480,455,ankle_00207.jpg
701,251,509,394,357,389,765,340,602,537,463,539,ankle_00066.jpg
904,303,711,361,588,310,788,501,623,541,465,475,ankle_00520.jpg
724,223,597,341,459,309,822,349,625,449,492,422,ankle_00345.jpg
595,153,561,300,467,318,810,344,678,456,584,467,ankle_00272.jpg
900,178,662,236,528,164,846,438,551,417,395,364,ankle_00085.jpg
818,159,581,312,432,303,887,420,595,487,423,485,ankle_00028.jpg
606,231,458,371,319,384,778,428,521,548,410,559,ankle_00115.jpg
640,197,553,334,417,326,740,371,590,475,424,468,ankle_00370.jpg
876,296,679,360,576,342,742,308,660,479,511,450,ankle_00149.jpg
828,234,671,355,536,347,885,386,692,488,561,480,ankle_00141.jpg
646,269,659,450,528,435,759,403,723,580,558,559,ankle_00427.jpg
845,175,585,353,404,334,897,275,614,524,369,521,ankle_00011.jpg
602,159,566,340,455,334,707,344,644,475,552,475,ankle_00432.jpg
573,141,562,319,414,334,748,381,590,491,435,482,ankle_00369.jpg
711,205,559,293,456,303,850,349,685,461,542,509,ankle_00286.jpg
662,140,649,348,475,354,879,346,665,492,503,494,ankle_00197.jpg
860,191,606,366,426,354,737,292,604,520,387,523,ankle_00018.jpg
707,304,562,397,454,381,816,375,667,494,535,482,ankle_00355.jpg
558,247,438,413,279,436,717,361,585,532,460,605,ankle_00118.jpg
647,123,589,326,455,326,844,328,630,478,483,478,ankle_00208.jpg
797,353,651,437,545,433,906,484,731,589,613,575,ankle_00257.jpg
835,365,652,413,546,397,876,418,678,489,562,473,ankle_00551.jpg
578,442,451,473,337,450,645,509,500,562,377,530,ankle_00566.jpg
750,267,657,412,515,393,824,315,707,492,552,475,ankle_00545.jpg
812,278,623,344,486,341,872,343,656,494,496,495,ankle_00200.jpg
721,316,561,411,460,434,864,393,717,538,599,530,ankle_00460.jpg
781,261,615,366,484,360,846,419,652,522,507,530,ankle_00225.jpg
723,212,687,409,525,397,826,352,733,535,544,532,ankle_00397.jpg
513,256,506,406,407,408,616,339,559,494,459,501,ankle_00575.jpg
854,179,593,351,426,344,711,187,617,510,390,511,ankle_00017.jpg
812,329,728,428,531,406,691,295,669,509,497,476,ankle_00174.jpg
576,253,562,427,430,454,718,447,646,589,553,588,ankle_00446.jpg
549,367,463,479,345,465,602,419,526,554,388,551,ankle_00565.jpg
840,224,643,328,474,283,794,474,564,500,364,449,ankle_00099.jpg
704,277,659,444,560,444,922,475,741,591,617,587,ankle_00255.jpg
867,221,675,349,525,293,770,564,541,553,372,515,ankle_00310.jpg
573,239,497,367,410,385,691,283,617,432,526,463,ankle_00128.jpg
669,181,688,361,552,375,774,304,719,502,573,484,ankle_00399.jpg
758,301,593,395,467,376,846,385,630,516,477,517,ankle_00210.jpg
834,219,716,390,550,386,984,382,730,553,559,532,ankle_00189.jpg
714,225,526,366,396,357,880,407,625,516,466,517,ankle_00059.jpg
670,170,625,352,522,351,897,425,700,533,592,533,ankle_00261.jpg
782,218,600,318,452,297,850,314,623,451,483,454,ankle_00206.jpg
630,154,563,313,418,316,745,353,566,451,416,453,ankle_00372.jpg
980,401,781,397,644,315,893,602,680,569,530,491,ankle_00524.jpg
695,148,661,290,520,293,819,370,661,458,511,459,ankle_00377.jpg
842,242,628,344,477,303,768,331,538,505,392,465,ankle_00100.jpg
543,181,557,382,406,387,681,263,618,496,465,487,ankle_00478.jpg
970,287,784,367,651,349,1005,399,812,479,652,461,ankle_00489.jpg
656,232,492,316,406,311,744,371,584,470,497,464,ankle_00436.jpg
852,272,690,342,604,323,732,366,684,463,557,441,ankle_00169.jpg
764,57,728,280,578,231,816,511,604,500,438,444,ankle_00307.jpg
629,218,521,360,414,370,745,371,623,501,517,500,ankle_00442.jpg
567,133,546,306,444,310,681,311,614,454,533,460,ankle_00434.jpg
826,330,598,380,463,356,795,382,589,509,368,469,ankle_00330.jpg
757,308,593,429,495,417,801,420,590,561,433,546,ankle_00334.jpg
801,208,639,269,513,235,616,347,568,432,445,405,ankle_00164.jpg
669,136,655,324,497,295,712,423,644,506,492,484,ankle_00503.jpg
724,253,544,400,385,389,890,367,658,508,495,529,ankle_00064.jpg
770,252,673,347,525,309,724,386,584,546,430,475,ankle_00515.jpg
850,171,696,345,484,311,982,308,714,475,513,451,ankle_00389.jpg
658,199,587,381,454,384,837,406,625,534,462,533,ankle_00212.jpg
894,148,706,246,548,238,956,357,756,464,603,466,ankle_00292.jpg
769,197,568,328,432,312,745,284,568,482,402,469,ankle_00037.jpg
853,180,595,352,408,339,1010,422,611,574,382,522,ankle_00014.jpg
665,166,723,372,603,376,860,228,841,463,692,465,ankle_00470.jpg
584,148,558,315,450,320,692,326,619,453,536,459,ankle_00433.jpg
757,201,576,324,421,319,868,342,589,460,411,461,ankle_00045.jpg
900,311,721,387,606,342,857,456,668,501,514,446,ankle_00152.jpg
665,177,584,322,501,340,811,365,703,461,633,461,ankle_00452.jpg
843,278,682,376,546,344,857,367,655,462,501,420,ankle_00177.jpg
827,247,588,330,488,296,643,355,580,496,421,456,ankle_00102.jpg
829,289,618,356,498,345,877,359,664,512,490,508,ankle_00199.jpg
774,281,687,426,573,428,949,469,762,582,648,580,ankle_00245.jpg
800,375,621,443,516,432,910,474,720,588,602,589,ankle_00258.jpg
633,168,584,312,514,338,829,350,703,449,631,479,ankle_00277.jpg
676,25,650,259,509,242,840,282,630,402,463,384,ankle_00326.jpg
703,226,524,362,388,358,817,327,597,493,433,489,ankle_00058.jpg
805,316,610,372,468,361,819,376,598,507,412,487,ankle_00329.jpg
642,85,602,302,464,300,833,310,623,459,451,460,ankle_00202.jpg
865,217,679,285,519,250,853,441,634,479,477,467,ankle_00298.jpg
863,176,600,360,399,338,954,284,626,544,385,524,ankle_00015.jpg
858,259,695,363,621,361,1000,325,864,460,712,451,ankle_00467.jpg
816,262,690,315,559,278,794,497,593,502,433,465,ankle_00315.jpg
653,202,544,304,454,307,801,345,657,453,569,461,ankle_00270.jpg
614,186,579,349,484,352,740,311,692,490,621,497,ankle_00450.jpg
810,298,667,336,554,301,812,469,624,497,486,475,ankle_00319.jpg
821,238,630,334,478,286,735,438,560,503,408,458,ankle_00103.jpg
629,78,587,298,451,295,840,296,619,464,464,451,ankle_00203.jpg
812,198,574,347,416,345,856,448,584,522,403,523,ankle_00027.jpg
824,170,656,244,537,195,799,417,611,411,443,370,ankle_00166.jpg
847,191,608,370,421,354,913,443,609,549,406,542,ankle_00019.jpg
693,185,634,406,510,391,740,356,691,540,523,535,ankle_00537.jpg
802,241,670,401,489,386,893,389,687,549,517,540,ankle_00393.jpg
676,190,630,359,483,362,854,416,665,534,505,530,ankle_00222.jpg
791,221,623,281,517,244,595,370,573,453,435,425,ankle_00163.jpg
680,205,586,350,493,351,837,433,643,522,542,522,ankle_00262.jpg
1044,408,848,402,702,322,972,598,737,569,615,500,ankle_00525.jpg
872,306,654,363,529,345,961,346,718,508,556,493,ankle_00193.jpg
788,398,645,479,548,462,924,485,726,598,627,592,ankle_00252.jpg
763,238,688,399,573,375,692,549,641,628,505,579,ankle_00507.jpg
465,219,377,359,264,411,556,305,521,445,403,498,ankle_00123.jpg
600,375,455,449,325,450,675,460,522,587,381,587,ankle_00361.jpg
572,259,502,396,401,412,702,344,644,497,552,516,ankle_00459.jpg
713,191,678,398,511,393,783,386,697,549,502,523,ankle_00536.jpg
839,294,759,389,586,349,746,245,710,434,550,412,ankle_00179.jpg
922,300,734,355,647,325,804,398,715,495,567,454,ankle_00155.jpg
844,169,582,350,393,329,667,191,590,500,367,498,ankle_00009.jpg
722,240,569,391,404,382,781,263,646,506,472,517,ankle_00063.jpg
782,191,580,319,459,316,853,411,582,464,456,446,ankle_00034.jpg
621,228,482,397,326,396,716,330,572,490,382,494,ankle_00479.jpg
587,289,559,417,453,384,709,358,623,475,482,449,ankle_00559.jpg
976,232,755,314,640,294,1033,357,805,440,635,408,ankle_00488.jpg
782,202,572,333,450,327,686,239,594,447,427,449,ankle_00047.jpg
837,298,697,360,584,362,965,375,822,456,698,442,ankle_00466.jpg
845,207,633,319,491,268,773,292,615,474,463,431,ankle_00105.jpg
800,337,661,424,557,404,907,501,734,563,588,538,ankle_00411.jpg
790,264,601,394,469,389,718,310,624,525,467,524,ankle_00050.jpg
659,159,659,365,540,383,869,236,812,448,686,455,ankle_00463.jpg
513,156,516,341,399,345,660,345,600,473,502,476,ankle_00440.jpg
856,209,648,321,559,289,734,283,660,453,511,437,ankle_00107.jpg
844,186,653,288,497,259,816,493,618,494,504,486,ankle_00078.jpg
626,352,522,419,413,393,771,451,561,484,451,470,ankle_00560.jpg
882,456,685,494,521,469,907,510,719,587,546,571,ankle_00542.jpg
781,144,634,249,480,251,806,423,628,482,478,473,ankle_00383.jpg
836,297,641,367,539,363,772,263,677,458,491,437,ankle_00176.jpg
805,258,681,365,504,352,848,337,726,486,553,458,ankle_00403.jpg
802,211,634,282,506,248,787,431,560,451,433,422,ankle_00160.jpg
686,176,696,346,543,347,776,278,718,466,547,450,ankle_00404.jpg
700,103,517,265,382,262,818,350,588,450,434,455,ankle_00071.jpg
666,419,518,453,383,412,704,458,572,532,449,501,ankle_00562.jpg
710,264,574,327,491,329,814,358,688,461,601,483,ankle_00274.jpg
648,195,574,299,470,304,818,365,672,466,563,468,ankle_00268.jpg
725,224,543,359,407,346,884,390,600,489,483,502,ankle_00060.jpg
892,97,737,279,600,231,816,482,614,478,470,427,ankle_00306.jpg
607,237,497,341,368,341,707,356,558,486,413,492,ankle_00366.jpg
816,256,655,331,526,329,821,451,626,505,481,486,ankle_00322.jpg
864,315,682,311,485,287,830,485,662,535,484,501,ankle_00505.jpg
696,277,655,424,526,423,800,392,693,546,562,552,ankle_00426.jpg
808,212,638,283,518,232,801,420,581,436,458,401,ankle_00159.jpg
850,181,644,274,514,243,718,426,607,467,477,460,ankle_00079.jpg
766,186,583,333,422,316,864,413,579,487,403,477,ankle_00039.jpg
596,265,481,421,369,437,715,360,615,532,514,567,ankle_00137.jpg
766,183,534,286,410,261,620,322,468,450,320,435,ankle_00090.jpg
794,224,611,297,498,256,717,425,560,468,421,443,ankle_00161.jpg
807,165,665,245,545,228,809,226,642,338,519,329,ankle_00187.jpg
786,252,623,343,522,330,703,245,622,435,479,429,ankle_00172.jpg
479,207,433,367,331,367,587,293,505,455,403,456,ankle_00570.jpg
703,6,669,171,554,179,789,190,673,352,547,340,ankle_00496.jpg
734,221,566,371,407,351,773,285,647,502,483,500,ankle_00061.jpg
754,190,558,315,411,317,647,240,562,434,406,438,ankle_00042.jpg
704,229,656,442,520,430,879,447,659,585,496,569,ankle_00338.jpg
615,342,478,399,383,376,659,412,537,481,439,469,ankle_00572.jpg
644,220,533,370,431,381,690,235,642,460,539,493,ankle_00138.jpg
759,142,539,264,392,228,695,294,478,420,304,390,ankle_00091.jpg
804,350,666,423,530,401,899,484,719,542,566,526,ankle_00417.jpg
635,164,628,323,547,343,882,358,743,481,648,506,ankle_00284.jpg
809,234,588,367,454,361,667,300,638,492,457,495,ankle_00049.jpg
711,226,692,372,547,371,798,372,716,495,578,487,ankle_00405.jpg
856,168,568,350,395,327,962,295,586,555,359,521,ankle_00007.jpg
691,36,675,216,517,207,826,367,641,418,521,416,ankle_00382.jpg
907,289,732,350,615,301,894,458,674,481,536,428,ankle_00154.jpg
564,154,544,325,455,341,717,269,687,440,616,475,ankle_00454.jpg
842,295,756,378,559,346,707,205,696,432,514,398,ankle_00180.jpg
773,201,687,356,576,352,933,274,827,444,688,444,ankle_00464.jpg
860,208,678,329,546,297,786,248,669,464,509,446,ankle_00108.jpg
688,110,636,265,467,262,844,421,642,477,465,473,ankle_00296.jpg
928,224,871,386,709,340,912,448,831,562,662,515,ankle_00527.jpg
737,270,661,407,528,396,878,439,724,542,577,520,ankle_00418.jpg
749,164,711,335,556,329,774,394,719,512,553,484,ankle_00529.jpg
734,259,688,408,559,399,866,456,728,523,595,526,ankle_00414.jpg
884,117,670,170,524,107,866,395,579,378,425,317,ankle_00084.jpg
683,321,531,393,401,386,749,447,611,527,527,535,ankle_00443.jpg
851,345,673,429,500,401,894,438,697,540,520,501,ankle_00541.jpg
626,352,492,401,377,393,678,423,546,484,429,473,ankle_00573.jpg
738,372,551,404,459,402,822,393,651,511,533,491,ankle_00356.jpg
843,196,688,278,536,237,846,401,647,460,543,432,ankle_00499.jpg
715,329,531,399,433,391,828,424,599,550,492,549,ankle_00237.jpg
734,256,650,412,515,421,924,465,728,583,591,581,ankle_00259.jpg
641,227,504,361,365,352,729,191,607,453,437,475,ankle_00068.jpg
622,164,598,318,521,329,843,342,719,453,625,479,ankle_00279.jpg
890,258,675,279,541,255,856,461,642,494,491,465,ankle_00299.jpg
776,239,565,308,415,297,550,383,472,508,321,481,ankle_00089.jpg
861,282,678,341,532,311,873,456,687,509,579,484,ankle_00532.jpg
688,341,527,404,437,412,781,455,628,553,548,549,ankle_00444.jpg
561,227,567,389,440,378,646,318,618,468,523,474,ankle_00577.jpg
796,201,544,324,425,302,589,286,447,459,279,433,ankle_00095.jpg
800,295,644,423,479,398,876,352,688,526,489,516,ankle_00482.jpg
716,142,672,299,579,303,909,384,756,472,668,472,ankle_00266.jpg
861,181,604,349,433,339,777,142,606,498,391,503,ankle_00023.jpg
810,122,788,322,666,319,868,357,822,495,680,468,ankle_00492.jpg
633,166,640,367,517,383,837,259,784,448,657,471,ankle_00462.jpg
819,237,636,374,447,309,535,294,540,503,330,454,ankle_00097.jpg
851,173,609,356,411,345,774,196,606,495,385,500,ankle_00016.jpg
782,210,566,332,450,334,636,249,589,470,412,473,ankle_00048.jpg
904,315,724,399,580,340,781,654,616,594,465,536,ankle_00510.jpg
620,408,500,424,409,396,676,409,585,505,455,485,ankle_00561.jpg
694,233,561,357,462,358,755,250,669,448,548,481,ankle_00139.jpg
782,265,646,351,538,322,821,394,631,445,510,421,ankle_00188.jpg
617,82,597,290,445,295,841,290,610,449,473,450,ankle_00204.jpg
709,329,546,396,425,363,781,367,628,480,499,464,ankle_00351.jpg
770,109,737,300,626,278,832,486,660,516,517,481,ankle_00303.jpg
844,277,660,346,549,345,792,266,669,433,500,422,ankle_00181.jpg
683,226,656,415,538,418,932,465,740,587,625,591,ankle_00260.jpg
814,181,646,254,522,215,662,445,591,440,450,412,ankle_00165.jpg
927,244,763,301,644,270,918,463,739,464,633,456,ankle_00494.jpg
847,155,562,339,402,326,968,302,607,533,353,511,ankle_00004.jpg
636,116,462,290,312,271,681,227,532,444,371,468,ankle_00070.jpg
703,61,666,296,516,256,754,500,559,516,377,469,ankle_00312.jpg
573,242,493,367,407,380,639,303,596,430,523,463,ankle_00129.jpg
767,220,769,428,621,425,838,273,843,531,646,531,ankle_00484.jpg
734,67,665,193,551,187,731,311,645,351,544,356,ankle_00497.jpg
712,170,639,335,515,315,864,371,650,471,513,449,ankle_00344.jpg
683,227,638,387,542,381,753,279,696,466,571,450,ankle_00546.jpg
703,257,567,356,424,342,796,345,636,466,486,465,ankle_00367.jpg
760,260,633,360,515,346,850,360,672,464,541,440,ankle_00347.jpg
758,303,681,439,583,441,941,476,749,590,636,585,ankle_00247.jpg
528,233,435,367,351,398,664,332,576,451,486,485,ankle_00135.jpg
791,330,614,404,489,379,850,420,638,541,484,543,ankle_00216.jpg
794,68,667,246,530,231,866,282,644,408,471,372,ankle_00325.jpg
836,284,666,366,535,351,837,328,657,452,502,424,ankle_00183.jpg
771,195,763,367,608,309,649,422,650,561,481,481,ankle_00522.jpg
891,263,678,306,538,259,765,507,566,501,394,459,ankle_00314.jpg
847,158,579,344,378,319,970,297,623,541,359,513,ankle_00001.jpg
694,198,518,300,380,302,663,364,566,494,428,505,ankle_00074.jpg
805,219,611,321,506,283,808,428,574,469,412,429,ankle_00104.jpg
541,232,430,294,284,289,639,132,546,397,357,440,ankle_00069.jpg
817,382,675,418,553,408,856,433,703,482,567,489,ankle_00552.jpg
429,162,479,345,367,387,607,237,613,448,532,485,ankle_00458.jpg
549,215,436,390,329,434,756,323,621,484,511,547,ankle_00120.jpg
827,274,688,376,533,355,886,372,693,491,543,468,ankle_00402.jpg
917,387,695,365,583,306,804,551,600,546,461,474,ankle_00519.jpg
852,341,681,397,573,386,951,401,805,494,655,471,ankle_00473.jpg
819,362,683,429,557,402,919,490,713,551,582,523,ankle_00413.jpg
850,190,594,354,426,351,1036,450,605,547,383,534,ankle_00020.jpg
740,196,695,408,562,399,840,306,752,511,577,501,ankle_00483.jpg
926,115,716,194,574,125,738,288,621,384,483,320,ankle_00082.jpg
670,176,721,367,589,367,864,244,837,455,690,460,ankle_00469.jpg
693,144,618,279,484,278,809,337,641,422,482,420,ankle_00376.jpg
684,211,527,361,375,356,694,239,579,457,457,463,ankle_00057.jpg
648,125,634,326,502,341,888,334,650,498,483,490,ankle_00196.jpg
853,460,664,536,538,512,898,561,685,676,513,647,ankle_00340.jpg
829,253,666,365,529,332,893,407,695,494,560,490,ankle_00142.jpg
598,240,549,411,438,417,828,445,646,566,508,569,ankle_00239.jpg
728,164,711,363,600,371,951,249,862,442,722,453,ankle_00468.jpg
595,383,442,447,304,438,665,464,504,590,368,574,ankle_00362.jpg
675,252,644,416,566,408,712,275,713,486,585,494,ankle_00548.jpg
692,226,534,364,396,355,676,238,591,457,437,492,ankle_00056.jpg
767,278,678,423,558,392,810,365,724,523,588,520,ankle_00408.jpg
740,195,688,367,540,351,864,366,713,501,567,482,ankle_00400.jpg
725,265,562,357,471,346,793,447,623,523,519,522,ankle_00263.jpg
898,222,789,311,624,298,894,456,750,456,670,460,ankle_00493.jpg
847,198,596,361,417,349,980,417,612,546,387,530,ankle_00021.jpg
836,216,691,387,555,382,975,383,718,542,539,529,ankle_00190.jpg
709,287,533,390,414,388,843,415,622,548,498,549,ankle_00236.jpg
760,194,572,327,410,308,769,371,576,485,400,468,ankle_00040.jpg
770,173,569,300,414,269,770,390,456,458,265,424,ankle_00093.jpg
790,192,667,347,516,330,860,298,723,461,561,451,ankle_00539.jpg
702,224,662,404,527,396,781,346,714,530,577,512,ankle_00421.jpg
729,218,590,398,480,382,816,381,589,513,429,492,ankle_00331.jpg
779,358,580,410,465,385,839,397,617,533,476,525,ankle_00211.jpg
828,282,666,376,551,359,844,364,652,470,518,438,ankle_00178.jpg
792,220,593,329,496,295,869,512,585,533,466,525,ankle_00077.jpg
779,114,744,293,602,273,853,492,659,527,526,476,ankle_00302.jpg
547,211,528,393,404,397,763,393,608,512,485,501,ankle_00359.jpg
543,237,449,355,363,381,695,336,574,435,491,469,ankle_00132.jpg
708,72,685,315,494,309,857,184,740,448,471,435,ankle_00390.jpg
581,192,544,392,411,404,846,442,618,589,480,591,ankle_00234.jpg
854,220,646,315,522,276,715,251,634,440,483,425,ankle_00106.jpg
753,184,579,323,432,315,828,326,576,462,408,462,ankle_00044.jpg
714,315,657,456,553,451,928,481,735,608,630,598,ankle_00251.jpg
496,313,470,437,335,427,683,458,546,522,392,521,ankle_00567.jpg
889,310,682,359,595,327,758,323,681,479,530,438,ankle_00150.jpg
780,295,616,386,494,375,853,428,656,535,508,541,ankle_00221.jpg
758,215,577,326,438,310,824,427,594,523,448,525,ankle_00076.jpg
647,350,470,423,321,423,708,414,521,535,331,509,ankle_00480.jpg
845,289,659,365,549,334,699,385,617,481,494,448,ankle_00148.jpg
819,349,698,420,558,396,886,470,719,548,597,525,ankle_00407.jpg
833,257,672,376,512,360,896,370,692,495,528,482,ankle_00540.jpg
712,260,525,397,371,390,897,421,610,538,473,532,ankle_00065.jpg
860,213,759,424,608,416,902,295,812,536,619,502,ankle_00486.jpg
815,273,655,316,543,287,832,471,635,511,505,497,ankle_00501.jpg
749,185,543,313,425,314,751,257,580,444,400,443,ankle_00043.jpg
784,215,626,327,474,324,860,327,654,460,500,465,ankle_00201.jpg
678,155,630,341,510,334,794,461,615,511,454,490,ankle_00321.jpg
807,294,708,460,551,449,908,468,696,604,527,582,ankle_00339.jpg
533,350,504,450,377,438,723,471,576,542,451,516,ankle_00563.jpg
644,236,573,376,448,349,760,378,614,474,492,460,ankle_00349.jpg
816,285,671,363,563,329,730,431,650,480,523,451,ankle_00170.jpg
697,234,672,376,547,375,783,291,740,461,609,444,ankle_00554.jpg
955,287,758,408,618,375,1006,373,799,521,624,506,ankle_00487.jpg
743,203,662,373,538,353,887,398,671,518,523,480,ankle_00343.jpg
779,288,646,378,495,387,824,464,659,543,506,553,ankle_00379.jpg
742,231,603,307,532,312,854,327,716,433,632,453,ankle_00281.jpg
864,192,677,341,476,321,990,293,707,501,490,460,ankle_00387.jpg
664,94,625,249,481,260,892,338,697,451,565,463,ankle_00288.jpg
900,324,772,382,612,347,712,396,698,514,555,483,ankle_00156.jpg
620,233,551,413,437,430,765,443,655,569,542,576,ankle_00445.jpg
677,78,626,244,501,265,902,357,695,459,587,470,ankle_00289.jpg
737,61,675,311,528,268,768,531,543,528,376,492,ankle_00311.jpg
892,265,712,327,626,304,775,297,724,451,585,435,ankle_00168.jpg
676,223,614,369,489,364,851,418,651,540,514,538,ankle_00219.jpg
775,203,685,351,559,310,722,393,623,537,454,465,ankle_00516.jpg
675,182,680,375,536,378,851,242,771,469,634,474,ankle_00475.jpg
738,236,649,425,515,403,871,464,656,569,523,543,ankle_00342.jpg
860,241,707,385,548,369,967,375,714,534,549,523,ankle_00191.jpg
848,177,574,353,403,346,1006,414,619,561,374,511,ankle_00013.jpg
772,334,604,404,488,388,844,431,636,551,493,551,ankle_00215.jpg
797,219,620,366,473,360,888,344,660,509,484,504,ankle_00198.jpg
705,199,616,310,529,317,851,332,721,446,642,457,ankle_00280.jpg
908,111,694,187,557,106,806,337,593,381,452,319,ankle_00083.jpg
693,130,599,298,453,297,837,304,619,446,467,448,ankle_00205.jpg
723,355,615,424,470,391,732,438,640,497,533,479,ankle_00557.jpg
800,337,685,425,553,420,874,447,738,551,588,526,ankle_00423.jpg
714,179,619,315,466,310,781,355,618,449,443,434,ankle_00374.jpg
838,229,683,376,527,363,944,341,710,484,540,478,ankle_00194.jpg
556,302,456,441,354,463,742,433,596,538,497,572,ankle_00136.jpg
770,330,605,383,476,368,856,424,647,538,504,531,ankle_00220.jpg
788,289,621,341,500,310,833,340,655,438,537,413,ankle_00346.jpg
574,177,530,330,453,350,763,308,659,461,584,469,ankle_00457.jpg
691,237,685,402,573,389,801,341,745,527,594,500,ankle_00409.jpg
630,236,574,389,468,389,686,325,636,471,530,476,ankle_00578.jpg
692,200,680,388,556,392,776,337,732,523,546,494,ankle_00398.jpg
798,304,616,365,504,356,867,410,666,533,516,532,ankle_00227.jpg
676,244,591,390,464,391,835,422,630,549,477,546,ankle_00214.jpg
857,327,686,353,552,339,897,464,678,511,559,497,ankle_00533.jpg
721,166,553,287,405,295,749,433,569,487,463,497,ankle_00073.jpg
815,249,628,283,475,279,796,471,604,513,470,489,ankle_00384.jpg
588,250,486,407,348,451,812,340,653,522,552,575,ankle_00119.jpg
846,237,655,349,556,296,865,353,657,484,533,471,ankle_00109.jpg
860,259,682,337,571,314,864,412,691,500,542,470,ankle_00531.jpg
699,69,663,224,485,237,860,356,669,435,500,440,ankle_00295.jpg
748,189,548,322,415,314,641,231,562,442,401,449,ankle_00041.jpg
715,287,671,447,568,451,921,484,744,589,633,586,ankle_00250.jpg
518,158,542,320,447,349,687,246,678,445,595,468,ankle_00455.jpg
819,198,749,402,593,360,696,561,616,613,484,557,ankle_00509.jpg
821,288,658,376,531,349,871,378,641,447,503,422,ankle_00182.jpg
487,145,465,316,313,337,671,352,520,480,382,473,ankle_00365.jpg
785,284,598,422,472,409,902,407,658,551,495,547,ankle_00052.jpg
904,215,698,263,577,254,877,325,672,437,526,409,ankle_00324.jpg
864,264,708,335,589,300,831,344,665,480,536,451,ankle_00167.jpg
848,175,591,357,405,339,978,340,625,536,373,520,ankle_00012.jpg
792,312,621,359,493,356,858,417,650,538,509,531,ankle_00226.jpg
727,279,538,410,393,409,841,443,572,533,436,532,ankle_00053.jpg
804,362,640,433,521,404,900,492,734,572,618,556,ankle_00429.jpg
789,349,668,458,573,456,929,481,755,593,638,585,ankle_00249.jpg
748,262,693,418,573,426,957,469,764,588,645,582,ankle_00244.jpg
665,308,549,382,390,378,756,185,675,484,498,509,ankle_00062.jpg
807,104,687,241,557,217,852,308,697,428,558,389,ankle_00495.jpg
838,112,733,285,600,256,848,471,655,468,504,440,ankle_00317.jpg
633,203,578,378,443,367,785,381,630,489,499,479,ankle_00352.jpg
847,351,640,357,510,303,711,619,522,593,396,497,ankle_00514.jpg
862,159,784,349,656,341,923,356,848,500,652,479,ankle_00490.jpg
853,289,687,353,571,314,799,463,649,513,506,475,ankle_00158.jpg
794,133,791,327,641,326,868,316,838,475,693,465,ankle_00491.jpg
856,174,580,338,427,331,707,210,608,482,394,487,ankle_00024.jpg
577,233,496,363,412,384,705,309,606,450,523,470,ankle_00127.jpg
798,82,676,284,532,248,770,509,547,509,380,458,ankle_00313.jpg
779,176,742,361,598,345,781,427,734,553,582,502,ankle_00528.jpg
892,279,681,325,559,310,878,389,671,449,537,445,ankle_00323.jpg
706,295,539,425,420,424,856,464,613,606,463,607,ankle_00233.jpg
757,182,677,360,516,308,576,567,511,557,391,486,ankle_00513.jpg
682,300,551,386,447,367,785,362,625,479,515,481,ankle_00350.jpg
641,304,519,390,365,379,754,209,645,496,494,516,ankle_00067.jpg
790,189,711,367,592,326,655,434,625,553,491,485,ankle_00521.jpg
697,227,617,385,489,385,857,417,647,534,488,528,ankle_00217.jpg
675,122,635,309,512,298,786,442,599,484,456,464,ankle_00320.jpg
822,237,629,343,511,320,898,461,650,513,519,497,ankle_00110.jpg
437,241,438,397,334,383,598,353,526,479,391,473,ankle_00568.jpg
670,313,547,409,438,414,795,501,670,579,564,583,ankle_00448.jpg
743,231,644,306,533,314,866,332,741,433,664,449,ankle_00282.jpg
799,298,653,379,548,358,818,458,618,492,499,474,ankle_00171.jpg
734,69,672,248,540,264,952,359,748,449,622,468,ankle_00290.jpg
764,191,579,323,438,318,655,317,578,431,426,445,ankle_00036.jpg
824,420,656,475,553,453,929,474,734,586,628,588,ankle_00253.jpg
